{
	"settings": {
		"appearanceTools": true,
		"blocks": {
			"core/image": {
				"appearanceTools": true,
				"color": {
					"background": true,
					"custom": true,
					"customDuotone": true,
					"customGradient": true,
					"defaultDuotone": true,
					"defaultGradients": true,
					"defaultPalette": true,
					"duotone": [],
					"gradients": [],
					"palette": [],
					"text": true
				},
				"layout": {
					"contentSize": "960px",
					"wideSize": "1200px"
				},
				"lightbox": {
					"allowEditing": true,
					"enabled": true
				},
				"shadow": {
					"defaultPresets": true,
					"presets": []
				},
				"spacing": {
					"customSpacingSize": true,
					"defaultSpacingSizes": true,
					"spacingScale": {
						"default": {
							"increment": 1.5,
							"mediumStep": 1.5,
							"operator": "*",
							"steps": 7,
							"unit": "rem"
						}
					},
					"spacingSizes": [],
					"units": [
						"%",
						"px",
						"em",
						"rem",
						"vh",
						"vw"
					]
				},
				"typography": {
					"customFontSize": true,
					"defaultFontSizes": true,
					"dropCap": true,
					"fontFamilies": [
						{
							"fontFamily": "-apple-system, BlinkMacSystemFont, 'Segoe UI', Roboto, Oxygen-Sans, Ubuntu, Cantarell, 'Helvetica Neue', sans-serif",
							"name": "System Font",
							"slug": "system-font"
						},
						{
							"fontFace": [
								{
									"fontFamily": "\"EB Garamond\"",
									"fontStyle": "normal",
									"fontWeight": "400",
									"src": "https://illareen.com/wp-content/uploads/fonts/SlGDmQSNjdsmc35JDF1K5E55YMjF_7DPuGi-6_RUBoV-e6yHgQ.woff2"
								}
							],
							"fontFamily": "\"EB Garamond\", serif",
							"name": "EB Garamond",
							"slug": "eb-garamond"
						},
						{
							"fontFace": [
								{
									"fontFamily": "\"Public Sans\"",
									"fontStyle": "normal",
									"fontWeight": "300",
									"src": "https://illareen.com/wp-content/uploads/fonts/ijwGs572Xtc6ZYQws9YVwllKVG8qX1oyOymuSJm5xg0pX189fg.woff2"
								},
								{
									"fontFamily": "\"Public Sans\"",
									"fontStyle": "normal",
									"fontWeight": "400",
									"src": "https://illareen.com/wp-content/uploads/fonts/ijwGs572Xtc6ZYQws9YVwllKVG8qX1oyOymuFpm5xg0pX189fg.woff2"
								},
								{
									"fontFamily": "\"Public Sans\"",
									"fontStyle": "normal",
									"fontWeight": "600",
									"src": "https://illareen.com/wp-content/uploads/fonts/ijwGs572Xtc6ZYQws9YVwllKVG8qX1oyOymuyJ65xg0pX189fg.woff2"
								},
								{
									"fontFamily": "\"Public Sans\"",
									"fontStyle": "normal",
									"fontWeight": "200",
									"src": "https://illareen.com/wp-content/uploads/fonts/ijwGs572Xtc6ZYQws9YVwllKVG8qX1oyOymulpm5xg0pX189fg.woff2"
								}
							],
							"fontFamily": "\"Public Sans\", sans-serif",
							"name": "Public Sans",
							"slug": "public-sans"
						}
					],
					"fontSizes": [],
					"fontStyle": true,
					"fontWeight": true,
					"letterSpacing": true,
					"textAlign": true,
					"textDecoration": true,
					"textTransform": true,
					"writingMode": false
				},
				"useRootPaddingAwareAlignments": true
			}
		},
		"color": {
			"palette": []
		},
		"layout": {
			"contentSize": "960px",
			"wideSize": "1200px"
		},
		"spacing": {
			"units": [
				"%",
				"px",
				"em",
				"rem",
				"vh",
				"vw"
			]
		},
		"typography": {
			"fontFamilies": [
				{
					"fontFamily": "-apple-system, BlinkMacSystemFont, 'Segoe UI', Roboto, Oxygen-Sans, Ubuntu, Cantarell, 'Helvetica Neue', sans-serif",
					"name": "System Font",
					"slug": "system-font"
				},
				{
					"fontFace": [
						{
							"fontFamily": "\"EB Garamond\"",
							"fontStyle": "normal",
							"fontWeight": "400",
							"src": [
								"file:./assets/fonts/SlGDmQSNjdsmc35JDF1K5E55YMjF_7DPuGi-6_RUBoV-e6yHgQ.woff2"
							]
						}
					],
					"fontFamily": "\"EB Garamond\", serif",
					"name": "EB Garamond",
					"slug": "eb-garamond"
				},
				{
					"fontFace": [
						{
							"fontFamily": "\"Public Sans\"",
							"fontStyle": "normal",
							"fontWeight": "300",
							"src": [
								"file:./assets/fonts/ijwGs572Xtc6ZYQws9YVwllKVG8qX1oyOymuSJm5xg0pX189fg.woff2"
							]
						},
						{
							"fontFamily": "\"Public Sans\"",
							"fontStyle": "normal",
							"fontWeight": "400",
							"src": [
								"file:./assets/fonts/ijwGs572Xtc6ZYQws9YVwllKVG8qX1oyOymuFpm5xg0pX189fg.woff2"
							]
						},
						{
							"fontFamily": "\"Public Sans\"",
							"fontStyle": "normal",
							"fontWeight": "600",
							"src": [
								"file:./assets/fonts/ijwGs572Xtc6ZYQws9YVwllKVG8qX1oyOymuyJ65xg0pX189fg.woff2"
							]
						},
						{
							"fontFamily": "\"Public Sans\"",
							"fontStyle": "normal",
							"fontWeight": "200",
							"src": [
								"file:./assets/fonts/ijwGs572Xtc6ZYQws9YVwllKVG8qX1oyOymulpm5xg0pX189fg.woff2"
							]
						}
					],
					"fontFamily": "\"Public Sans\", sans-serif",
					"name": "Public Sans",
					"slug": "public-sans"
				}
			]
		},
		"useRootPaddingAwareAlignments": true
	},
	"styles": {
		"elements": {
			"heading": {
				"typography": {
					"fontFamily": "var(--wp--preset--font-family--eb-garamond)",
					"fontStyle": "normal",
					"fontWeight": "300"
				}
			}
		},
		"spacing": {
			"blockGap": "0px",
			"padding": {
				"bottom": "0px",
				"left": "0px",
				"right": "0px",
				"top": "0px"
			}
		},
		"typography": {
			"fontFamily": "var(--wp--preset--font-family--public-sans)",
			"fontSize": "18px",
			"fontStyle": "normal",
			"fontWeight": "300",
			"lineHeight": "1.6"
		}
	},
	"templateParts": [
		{
			"area": "header",
			"name": "header"
		},
		{
			"area": "footer",
			"name": "footer"
		}
	],
	"version": 3,
	"$schema": "https://schemas.wp.org/wp/6.6/theme.json"
}